time,P_in,P_out,T_in,T_out,Hum_in,Hum_out,CO2_V1,CO2_V2,O3_WE,O3_AE,Altitude,flags
0,900.0,963.209931,2.040243,2.040243,62,82,nan,nan,nan,nan,382,1
1,910.516068318563,962.286545,2.100652,2.000652,65,84,nan,nan,nan,nan,383,1
2,919.9262597083193,962.32348,2.048742,1.798742,62,82,nan,nan,nan,nan,385,1
3,925.9181779318283,961.10461,1.98811,1.76311,90,90,nan,nan,nan,nan,386,1
4,930.4856071601121,961.584771,1.892872,1.592872,84,83,nan,nan,nan,nan,389,1
5,939.3469340287365,961.10461,2.031797,1.406797,75,77,nan,nan,nan,nan,391,1
6,942.042172121519,960.993804,2.374544,1.624544,62,82,nan,nan,nan,nan,394,1
